1,'OFFLINE','13-FEB-00',5,5,20,,10
2,'OFFLINE','12-APR-03',3,10,9,,7
3,'ONLINE','16-JUL-04',5,13,9,,8
4,'OFFLINE','10-SEP-05',3,11,14,,8
5,'ONLINE','21-MAY-11',5,6,30,,4
6,'OFFLINE','08-FEB-17',5,11,11,,2
7,'ONLINE','05-DEC-00',5,11,8,,4
8,'OFFLINE','25-DEC-19',7,13,5,,9
9,'OFFLINE','28-NOV-13',3,13,6,,10
10,'OFFLINE','08-JAN-10',5,2,20,,6
11,'OFFLINE','06-APR-17',8,12,12,,6
12,'OFFLINE','22-FEB-04',3,2,19,,6
13,'ONLINE','27-FEB-20',3,2,19,,6
14,'OFFLINE','23-NOV-14',2,12,8,,2
15,'OFFLINE','04-NOV-18',3,2,25,,10
16,'OFFLINE','10-AUG-06',7,8,15,,7
17,'OFFLINE','09-JUL-10',2,2,29,,8
18,'OFFLINE','25-MAR-12',5,7,30,,8
19,'OFFLINE','26-OCT-00',2,12,28,,9
20,'OFFLINE','12-APR-12',6,5,25,,3
21,'OFFLINE','08-FEB-11',5,3,19,,2
22,'ONLINE','23-SEP-20',4,6,5,,6
23,'OFFLINE','24-MAY-00',3,13,9,,3
24,'OFFLINE','20-DEC-16',8,8,25,,7
25,'OFFLINE','29-MAR-09',7,9,24,,4
26,'OFFLINE','28-JUL-10',1,10,7,,6
27,'OFFLINE','05-JUN-10',5,2,26,,2
28,'OFFLINE','01-APR-17',1,8,18,,2
29,'ONLINE','05-MAY-13',4,10,23,,7
30,'OFFLINE','12-APR-09',8,7,22,,4
31,'OFFLINE','07-JUL-19',4,8,2,,4
32,'ONLINE','19-APR-02',5,13,28,,2
33,'OFFLINE','19-NOV-04',5,15,30,,4
34,'OFFLINE','29-NOV-19',2,5,8,,6
35,'OFFLINE','18-NOV-14',8,15,3,,9
36,'OFFLINE','30-AUG-03',4,2,18,,9
37,'OFFLINE','02-SEP-08',8,9,11,,5
38,'ONLINE','06-APR-08',7,1,21,,7
39,'ONLINE','05-JUN-16',4,2,22,,10
40,'OFFLINE','29-NOV-05',5,7,16,,2
41,'ONLINE','11-OCT-20',3,14,29,,5
42,'OFFLINE','11-MAY-15',6,9,18,,4
43,'OFFLINE','06-MAY-02',3,14,10,,9
44,'ONLINE','05-APR-19',4,6,2,,8
45,'OFFLINE','12-MAY-16',4,2,16,,2
46,'OFFLINE','23-JUL-13',4,4,16,,3
47,'OFFLINE','23-AUG-03',2,8,18,,3
48,'OFFLINE','02-JUN-18',7,11,31,,1
49,'OFFLINE','01-DEC-01',2,3,24,,6
50,'OFFLINE','06-JUL-01',6,11,1,,5
51,'OFFLINE','02-DEC-18',4,2,24,,2
52,'OFFLINE','17-OCT-17',3,8,15,,9
53,'ONLINE','09-MAY-04',7,6,3,,1
54,'OFFLINE','31-AUG-14',7,10,7,,3
55,'OFFLINE','24-SEP-17',6,3,30,,6
56,'OFFLINE','08-DEC-10',2,8,18,,4
57,'OFFLINE','04-AUG-11',6,4,7,,5
58,'OFFLINE','31-JAN-20',3,15,16,,9
59,'OFFLINE','16-MAR-14',6,10,13,,3
60,'OFFLINE','01-JAN-03',6,2,8,,8
61,'OFFLINE','14-DEC-04',4,6,30,,1
62,'OFFLINE','12-AUG-08',6,8,18,,3
63,'OFFLINE','18-DEC-14',6,3,20,,7
64,'ONLINE','30-APR-03',5,8,25,,4
65,'OFFLINE','16-AUG-07',6,12,19,,8
66,'ONLINE','12-DEC-18',7,2,17,,3
67,'OFFLINE','27-AUG-03',4,2,16,,2
68,'ONLINE','15-OCT-00',4,7,25,,1
69,'OFFLINE','04-AUG-16',3,5,18,,1
70,'ONLINE','12-SEP-06',5,1,6,,6
71,'OFFLINE','02-APR-07',3,9,19,,2
72,'OFFLINE','08-SEP-19',7,1,8,,2
73,'OFFLINE','26-MAY-04',2,14,28,,7
74,'OFFLINE','16-JAN-13',2,15,4,,3
75,'OFFLINE','14-JUL-03',3,6,5,,7
76,'OFFLINE','03-JUL-05',5,11,19,,2
77,'ONLINE','13-APR-11',8,5,14,,1
78,'ONLINE','19-JUN-14',8,8,6,,5
79,'OFFLINE','25-NOV-09',8,12,31,,3
80,'OFFLINE','27-OCT-12',5,8,29,,8
81,'OFFLINE','03-JUL-03',2,7,22,,8
82,'OFFLINE','09-APR-20',6,3,7,,4
83,'OFFLINE','21-JUN-12',3,3,15,,3
84,'OFFLINE','03-SEP-09',5,3,5,,2
85,'OFFLINE','29-JAN-10',7,1,7,,6
86,'OFFLINE','06-JAN-00',6,3,21,,2
87,'OFFLINE','07-MAR-10',6,11,21,,4
88,'OFFLINE','30-MAY-06',1,5,28,,5
89,'OFFLINE','20-NOV-08',1,3,22,,2
90,'OFFLINE','09-NOV-16',6,2,14,,9
91,'OFFLINE','25-DEC-02',8,7,11,,9
92,'OFFLINE','09-JAN-11',2,14,28,,2
93,'OFFLINE','16-MAR-11',6,11,13,,1
94,'OFFLINE','18-SEP-10',7,14,7,,9
95,'OFFLINE','18-JAN-15',7,6,8,,2
96,'ONLINE','25-JAN-05',5,10,7,,1
97,'ONLINE','20-AUG-07',7,3,7,,8
98,'OFFLINE','12-MAR-03',8,13,27,,2
99,'ONLINE','14-MAR-09',3,9,1,,7
100,'OFFLINE','01-SEP-20',7,12,25,,6
101,'OFFLINE','28-NOV-11',6,11,19,,2
102,'ONLINE','05-DEC-17',7,9,26,,7
103,'OFFLINE','05-AUG-03',6,13,24,,1
104,'ONLINE','20-APR-15',2,3,28,,3
105,'OFFLINE','05-JUL-18',3,8,13,,10
106,'OFFLINE','17-JUL-04',8,9,26,,8
107,'OFFLINE','13-JUN-15',1,13,14,,7
108,'OFFLINE','02-APR-20',5,15,13,,8
109,'OFFLINE','22-JUL-17',6,1,28,,7
110,'OFFLINE','14-MAY-15',4,15,7,,10
111,'ONLINE','23-OCT-15',1,13,7,,7
112,'OFFLINE','25-SEP-15',7,10,22,,3
113,'OFFLINE','10-SEP-15',6,12,4,,4
114,'ONLINE','05-SEP-08',6,14,16,,3
115,'OFFLINE','02-OCT-09',8,6,19,,1
116,'OFFLINE','10-DEC-20',4,2,21,,7
117,'OFFLINE','16-APR-03',6,8,20,,2
118,'ONLINE','01-NOV-08',5,7,24,,10
119,'ONLINE','17-APR-19',2,3,29,,7
120,'ONLINE','01-OCT-16',3,1,7,,8
121,'OFFLINE','16-FEB-04',6,7,23,,5
122,'OFFLINE','27-APR-03',7,7,9,,8
123,'OFFLINE','28-JUL-01',7,5,11,,3
124,'OFFLINE','05-JAN-15',4,2,17,,6
125,'OFFLINE','15-JUN-00',7,11,4,,9
126,'OFFLINE','23-JAN-03',3,7,28,,4
127,'OFFLINE','13-DEC-17',5,8,25,,2
128,'OFFLINE','01-JUN-09',8,15,15,,3
129,'OFFLINE','23-JUL-10',5,9,4,,8
130,'OFFLINE','17-NOV-09',3,9,4,,9
131,'OFFLINE','31-MAR-05',3,5,27,,3
132,'ONLINE','21-JAN-20',8,7,25,,2
133,'OFFLINE','19-APR-20',2,6,3,,1
134,'OFFLINE','29-AUG-14',5,5,10,,3
135,'OFFLINE','19-NOV-14',5,9,1,,1
136,'ONLINE','18-NOV-16',2,13,23,,7
137,'ONLINE','25-JUL-17',4,14,13,,3
138,'OFFLINE','03-MAY-06',4,10,30,,3
139,'OFFLINE','01-JAN-02',2,11,26,,5
140,'ONLINE','27-MAY-19',8,14,26,,9
141,'ONLINE','02-MAY-07',6,1,10,,6
142,'OFFLINE','07-APR-12',7,9,10,,5
143,'OFFLINE','10-OCT-04',8,15,31,,4
144,'OFFLINE','18-JUN-08',7,12,10,,9
145,'OFFLINE','04-SEP-05',6,2,25,,6
146,'OFFLINE','12-JUL-09',2,3,30,,7
147,'OFFLINE','01-SEP-05',7,5,8,,3
148,'OFFLINE','09-AUG-00',3,3,23,,8
149,'OFFLINE','12-FEB-09',3,12,22,,2
150,'OFFLINE','11-FEB-13',5,8,4,,2
151,'ONLINE','03-FEB-08',1,15,23,,3
152,'ONLINE','02-FEB-01',4,13,9,,3
153,'OFFLINE','24-OCT-00',4,3,30,,1
154,'OFFLINE','06-MAY-02',6,2,26,,6
155,'OFFLINE','11-AUG-05',2,12,20,,2
156,'OFFLINE','16-SEP-18',6,14,9,,10
157,'OFFLINE','31-OCT-16',2,12,3,,1
158,'ONLINE','20-APR-05',4,12,28,,7
159,'ONLINE','12-JUN-08',6,6,17,,9
160,'OFFLINE','20-MAR-17',6,3,25,,4
161,'OFFLINE','23-SEP-19',8,3,25,,6
162,'ONLINE','09-JAN-02',7,8,29,,1
163,'ONLINE','01-AUG-15',4,3,25,,7
164,'ONLINE','27-JAN-19',6,12,5,,3
165,'OFFLINE','04-APR-08',6,5,2,,2
166,'OFFLINE','29-OCT-17',6,1,30,,9
167,'OFFLINE','28-MAY-05',3,5,9,,9
168,'OFFLINE','03-MAR-05',2,2,16,,4
169,'OFFLINE','27-MAR-16',6,6,29,,9
170,'OFFLINE','27-FEB-06',3,10,15,,9
171,'OFFLINE','19-JUL-11',8,9,17,,9
172,'OFFLINE','05-APR-12',8,11,16,,2
173,'OFFLINE','28-JUN-17',2,12,28,,7
174,'OFFLINE','07-JAN-13',2,7,20,,10
175,'OFFLINE','14-MAY-19',2,2,21,,5
176,'OFFLINE','24-MAY-02',7,5,28,,8
177,'OFFLINE','23-APR-11',7,3,25,,10
178,'OFFLINE','26-JAN-04',5,13,5,,9
179,'OFFLINE','28-JUN-02',7,8,4,,2
180,'OFFLINE','26-OCT-11',4,2,21,,3
181,'OFFLINE','25-APR-12',6,12,1,,4
182,'OFFLINE','10-JUL-06',4,15,30,,8
183,'OFFLINE','06-OCT-20',7,12,11,,8
184,'OFFLINE','22-MAR-11',1,2,18,,8
185,'OFFLINE','30-MAR-11',6,5,12,,6
186,'ONLINE','30-APR-02',2,8,30,,8
187,'OFFLINE','10-JAN-07',5,15,27,,2
188,'OFFLINE','03-OCT-03',2,11,9,,5
189,'OFFLINE','21-MAY-13',2,8,5,,3
190,'OFFLINE','08-JUN-18',2,6,4,,5
191,'OFFLINE','21-MAR-19',4,8,16,,9
192,'OFFLINE','15-JAN-00',3,5,24,,3
193,'OFFLINE','14-MAR-08',6,3,24,,9
194,'ONLINE','01-JAN-08',2,12,25,,6
195,'OFFLINE','14-FEB-00',8,4,28,,1
196,'ONLINE','04-AUG-06',3,14,15,,4
197,'ONLINE','02-AUG-02',2,7,2,,1
198,'OFFLINE','14-JAN-15',1,12,21,,9
199,'ONLINE','15-JUL-03',3,5,5,,9
200,'OFFLINE','03-JAN-15',7,7,23,,5
201,'OFFLINE','09-DEC-15',3,9,8,,3
202,'OFFLINE','28-JAN-18',5,14,18,,8
203,'OFFLINE','16-JUL-16',2,4,19,,5
204,'OFFLINE','27-NOV-17',2,4,17,,1
205,'OFFLINE','09-AUG-02',1,3,11,,3
206,'OFFLINE','12-NOV-19',7,8,1,,4
207,'ONLINE','15-AUG-03',5,9,22,,3
208,'OFFLINE','08-OCT-19',8,6,16,,8
209,'OFFLINE','31-AUG-07',5,2,21,,4
210,'OFFLINE','14-JAN-18',7,6,23,,6
211,'OFFLINE','03-SEP-07',7,7,13,,6
212,'ONLINE','22-MAY-02',8,10,23,,4
213,'OFFLINE','21-APR-04',7,3,19,,1
214,'OFFLINE','25-FEB-05',4,9,9,,10
215,'OFFLINE','14-JUL-05',7,12,26,,8
216,'OFFLINE','10-JUN-14',5,6,29,,2
217,'OFFLINE','23-APR-18',1,14,2,,3
218,'ONLINE','02-JUL-00',5,6,8,,3
219,'OFFLINE','12-APR-05',2,6,29,,1
220,'OFFLINE','30-OCT-19',5,10,6,,3
221,'OFFLINE','01-OCT-20',7,8,3,,7
222,'OFFLINE','04-NOV-10',2,13,2,,7
223,'OFFLINE','20-NOV-16',3,2,30,,5
224,'OFFLINE','05-MAY-17',5,14,5,,8
225,'OFFLINE','11-MAY-09',5,3,31,,2
226,'OFFLINE','01-APR-03',7,13,13,,2
227,'OFFLINE','09-JUN-08',5,10,7,,3
228,'OFFLINE','05-AUG-12',1,6,14,,9
229,'OFFLINE','23-JUN-17',6,3,17,,4
230,'ONLINE','16-NOV-01',4,7,21,,1
231,'OFFLINE','02-NOV-14',6,14,22,,5
232,'OFFLINE','12-FEB-04',2,12,22,,3
233,'OFFLINE','21-MAR-03',4,9,10,,6
234,'OFFLINE','11-JUN-05',3,7,10,,6
235,'OFFLINE','25-JAN-07',3,5,10,,2
236,'ONLINE','06-SEP-14',2,4,19,,9
237,'OFFLINE','27-DEC-12',7,5,7,,2
238,'ONLINE','20-JUL-05',8,4,22,,8
239,'OFFLINE','30-JUN-14',3,11,26,,10
240,'OFFLINE','18-SEP-03',1,14,8,,10
241,'OFFLINE','16-FEB-18',7,5,2,,4
242,'ONLINE','25-MAY-10',6,4,26,,5
243,'OFFLINE','19-AUG-15',5,5,19,,1
244,'OFFLINE','17-JUL-05',1,9,1,,2
245,'ONLINE','05-DEC-14',7,3,5,,8
246,'OFFLINE','08-SEP-05',4,11,18,,3
247,'OFFLINE','05-MAR-03',6,12,14,,6
248,'OFFLINE','06-JAN-12',4,13,30,,5
249,'ONLINE','16-SEP-18',4,2,16,,3
250,'ONLINE','14-JUN-12',5,12,15,,2
251,'ONLINE','15-DEC-20',6,5,28,,5
252,'OFFLINE','13-OCT-02',7,5,2,,1
253,'OFFLINE','13-JUN-12',7,7,15,,10
254,'OFFLINE','02-MAR-01',5,5,8,,7
255,'ONLINE','18-SEP-00',7,2,15,,1
256,'OFFLINE','01-MAR-11',2,8,1,,4
257,'OFFLINE','21-OCT-19',6,6,6,,10
258,'OFFLINE','26-JAN-12',4,5,17,,10
259,'ONLINE','11-APR-14',6,3,4,,7
260,'OFFLINE','09-APR-03',1,10,10,,4
261,'OFFLINE','28-JUN-00',6,2,25,,1
262,'OFFLINE','19-FEB-11',5,9,25,,7
263,'OFFLINE','21-FEB-00',5,2,19,,8
264,'OFFLINE','19-AUG-05',6,8,8,,6
265,'OFFLINE','22-OCT-02',6,4,6,,4
266,'OFFLINE','02-AUG-08',8,6,12,,10
267,'ONLINE','25-AUG-16',2,1,26,,4
268,'OFFLINE','23-JAN-04',6,5,9,,7
269,'OFFLINE','02-MAR-08',4,11,5,,6
270,'OFFLINE','31-OCT-03',2,6,8,,10
271,'OFFLINE','11-JAN-01',8,8,28,,2
272,'OFFLINE','28-JAN-00',7,11,4,,5
273,'ONLINE','15-MAR-04',4,7,25,,5
274,'ONLINE','06-AUG-03',5,3,29,,4
275,'OFFLINE','21-MAR-13',5,3,23,,6
276,'OFFLINE','16-DEC-07',7,2,17,,8
277,'OFFLINE','14-SEP-03',2,8,1,,4
278,'ONLINE','10-NOV-10',5,13,5,,9
279,'ONLINE','24-APR-03',3,11,15,,2
280,'OFFLINE','23-JUN-04',6,8,20,,7
281,'OFFLINE','18-SEP-10',4,10,24,,7
282,'ONLINE','22-NOV-11',4,10,28,,8
283,'OFFLINE','08-NOV-06',6,3,31,,2
284,'ONLINE','25-OCT-18',7,14,25,,3
285,'OFFLINE','08-DEC-03',5,8,18,,2
286,'OFFLINE','28-MAY-05',6,9,5,,8
287,'OFFLINE','22-NOV-04',2,15,17,,1
288,'OFFLINE','15-OCT-18',4,2,25,,5
289,'ONLINE','27-APR-10',2,8,15,,5
290,'OFFLINE','15-DEC-10',6,15,6,,4
291,'OFFLINE','04-JUN-10',7,2,8,,1
292,'OFFLINE','12-DEC-17',5,12,3,,6
293,'ONLINE','15-MAY-20',7,5,31,,6
294,'OFFLINE','15-AUG-20',6,11,31,,1
295,'OFFLINE','01-AUG-03',6,6,18,,4
296,'ONLINE','04-MAR-16',6,14,2,,8
297,'ONLINE','15-FEB-07',6,2,25,,9
298,'ONLINE','20-JAN-07',4,14,23,,5
299,'ONLINE','05-AUG-09',5,6,21,,2
300,'OFFLINE','29-MAY-07',6,9,14,,8
301,'OFFLINE','21-SEP-15',5,5,21,,2
302,'OFFLINE','15-APR-03',3,9,10,,8
303,'OFFLINE','19-JUL-13',3,3,19,,8
304,'OFFLINE','13-AUG-12',5,5,24,,3
305,'OFFLINE','19-AUG-11',2,7,16,,5
306,'OFFLINE','01-JUN-07',2,6,11,,5
307,'OFFLINE','04-NOV-06',4,12,14,,1
308,'OFFLINE','28-MAR-10',2,13,17,,3
309,'OFFLINE','18-APR-19',8,5,28,,3
310,'ONLINE','14-AUG-15',3,11,22,,3
311,'OFFLINE','19-NOV-18',5,7,28,,7
312,'OFFLINE','24-MAR-09',8,12,28,,1
313,'OFFLINE','08-MAY-16',2,11,4,,4
314,'OFFLINE','18-JUL-06',4,2,22,,5
315,'OFFLINE','19-JUL-12',2,6,5,,1
316,'OFFLINE','23-SEP-11',3,1,6,,4
317,'OFFLINE','05-OCT-11',7,2,20,,5
318,'OFFLINE','14-AUG-13',6,2,2,,10
319,'OFFLINE','15-FEB-11',1,12,26,,4
320,'OFFLINE','15-AUG-05',4,9,25,,1
321,'OFFLINE','14-JUL-20',8,4,25,,2
322,'OFFLINE','25-DEC-09',3,1,25,,8
323,'OFFLINE','02-MAY-17',8,3,5,,7
324,'OFFLINE','06-AUG-03',2,3,6,,10
325,'OFFLINE','20-AUG-05',7,11,19,,10
326,'OFFLINE','04-SEP-07',5,14,9,,5
327,'OFFLINE','27-DEC-14',2,2,3,,8
328,'OFFLINE','15-JAN-04',3,1,29,,9
329,'ONLINE','05-JUN-20',4,10,24,,10
330,'OFFLINE','15-APR-01',3,13,29,,5
331,'ONLINE','11-JUL-16',7,13,29,,2
332,'ONLINE','27-JUN-04',5,2,7,,3
333,'OFFLINE','02-JUN-02',4,8,6,,2
334,'OFFLINE','29-MAR-10',3,5,11,,4
335,'OFFLINE','22-NOV-07',4,12,23,,3
336,'OFFLINE','31-MAY-11',5,15,28,,10
337,'OFFLINE','08-FEB-19',4,14,4,,2
338,'ONLINE','26-APR-13',2,12,4,,9
339,'ONLINE','16-MAY-18',5,8,4,,3
340,'OFFLINE','13-NOV-19',2,5,21,,7
341,'OFFLINE','29-DEC-00',6,2,2,,2
342,'ONLINE','29-MAR-09',1,12,12,,3
343,'OFFLINE','16-MAR-00',2,6,3,,5
344,'OFFLINE','02-JUL-20',3,15,9,,9
345,'OFFLINE','23-SEP-13',4,10,8,,6
346,'OFFLINE','18-APR-03',8,3,29,,2
347,'OFFLINE','26-FEB-06',2,3,18,,5
348,'ONLINE','04-DEC-06',7,10,25,,2
349,'OFFLINE','20-SEP-01',7,7,8,,9
350,'OFFLINE','29-NOV-14',6,4,22,,4
351,'OFFLINE','03-FEB-18',5,15,29,,4
352,'OFFLINE','27-MAR-11',3,4,14,,7
353,'OFFLINE','30-MAR-10',3,3,20,,2
354,'OFFLINE','20-JUL-03',6,7,3,,5
355,'OFFLINE','17-JUL-04',7,10,13,,7
356,'OFFLINE','25-MAR-20',2,10,4,,6
357,'OFFLINE','26-OCT-12',7,4,27,,3
358,'OFFLINE','05-OCT-13',5,4,17,,9
359,'ONLINE','07-JAN-11',7,7,21,,8
360,'OFFLINE','25-FEB-04',2,7,20,,4
361,'OFFLINE','15-OCT-17',4,7,27,,6
362,'ONLINE','27-MAY-15',2,3,11,,6
363,'OFFLINE','31-AUG-16',7,5,20,,7
364,'OFFLINE','16-JAN-11',6,11,4,,2
365,'OFFLINE','22-DEC-03',2,4,5,,8
366,'OFFLINE','27-AUG-15',4,6,20,,8
367,'OFFLINE','25-OCT-19',4,10,13,,9
368,'OFFLINE','20-SEP-07',3,11,23,,4
369,'OFFLINE','18-AUG-02',6,12,7,,8
370,'OFFLINE','29-SEP-07',1,10,22,,1
371,'OFFLINE','22-NOV-20',4,9,17,,10
372,'ONLINE','11-JAN-03',6,4,30,,1
373,'OFFLINE','07-MAR-16',7,2,14,,9
374,'OFFLINE','14-MAY-17',3,13,3,,4
375,'OFFLINE','27-JUN-05',2,8,2,,4
376,'OFFLINE','02-JUL-01',8,13,8,,9
377,'OFFLINE','07-SEP-13',5,2,29,,7
378,'OFFLINE','16-JAN-19',7,10,27,,7
379,'OFFLINE','21-MAY-16',2,6,17,,8
380,'OFFLINE','14-SEP-15',3,9,2,,6
381,'OFFLINE','08-SEP-20',3,10,3,,3
382,'OFFLINE','21-FEB-07',4,7,4,,4
383,'OFFLINE','08-NOV-14',6,4,16,,9
384,'ONLINE','04-JAN-01',1,5,26,,6
385,'ONLINE','20-OCT-01',7,4,15,,3
386,'OFFLINE','18-JAN-03',5,11,23,,10
387,'OFFLINE','27-JUL-06',3,5,2,,10
388,'ONLINE','22-SEP-02',4,14,18,,1
389,'OFFLINE','10-JUN-07',7,5,28,,9
390,'ONLINE','04-JAN-08',1,1,27,,6
391,'OFFLINE','01-OCT-09',4,2,5,,9
392,'OFFLINE','09-NOV-09',1,15,17,,6
393,'OFFLINE','05-SEP-00',2,8,8,,5
394,'OFFLINE','21-SEP-15',4,10,16,,4
395,'ONLINE','26-NOV-12',5,11,24,,6
396,'OFFLINE','13-FEB-08',6,11,12,,2
397,'OFFLINE','20-MAR-08',5,8,28,,2
398,'OFFLINE','25-JUN-12',4,15,26,,2
399,'OFFLINE','19-JUN-15',2,8,21,,4
400,'OFFLINE','16-JUN-13',2,1,24,,9
401,'OFFLINE','29-DEC-18',7,12,22,,9
402,'OFFLINE','06-JAN-16',4,12,2,,2
403,'OFFLINE','30-OCT-03',3,13,19,,4
404,'OFFLINE','06-NOV-09',3,10,8,,5
405,'OFFLINE','13-MAY-09',1,13,23,,2
406,'ONLINE','18-JAN-06',3,7,10,,7
407,'OFFLINE','27-MAR-05',3,12,24,,9
408,'OFFLINE','11-SEP-16',7,8,11,,3
409,'OFFLINE','03-SEP-08',2,7,21,,10
410,'OFFLINE','08-SEP-08',3,13,21,,5
411,'ONLINE','06-MAY-15',1,11,8,,4
412,'OFFLINE','11-APR-10',4,11,20,,4
413,'ONLINE','20-OCT-16',3,5,5,,6
414,'OFFLINE','18-AUG-13',7,3,10,,5
415,'ONLINE','27-JUL-07',6,10,11,,10
416,'ONLINE','06-DEC-00',8,7,17,,10
417,'ONLINE','27-MAY-01',3,6,6,,10
418,'OFFLINE','03-APR-18',2,6,22,,8
419,'OFFLINE','21-MAR-20',1,4,2,,9
420,'OFFLINE','15-OCT-03',2,12,12,,6
421,'OFFLINE','05-DEC-17',5,7,4,,3
422,'OFFLINE','09-APR-08',7,9,20,,4
423,'OFFLINE','06-DEC-04',5,2,16,,10
424,'ONLINE','28-FEB-14',3,12,27,,4
425,'OFFLINE','08-DEC-19',3,2,6,,9
426,'OFFLINE','22-SEP-10',7,12,24,,4
427,'ONLINE','09-JAN-19',3,2,29,,4
428,'ONLINE','10-AUG-01',2,9,9,,6
429,'OFFLINE','07-SEP-01',7,7,17,,3
430,'OFFLINE','23-MAR-04',7,12,15,,3
431,'ONLINE','22-JUN-18',7,12,12,,4
432,'OFFLINE','06-MAR-14',2,12,6,,5
433,'OFFLINE','28-JUL-06',6,8,11,,2
434,'OFFLINE','23-APR-17',1,2,16,,7
435,'ONLINE','13-MAR-10',6,11,18,,3
436,'OFFLINE','19-APR-04',6,3,27,,4
437,'OFFLINE','02-JUN-14',6,6,12,,5
438,'OFFLINE','06-NOV-04',4,9,29,,9
439,'OFFLINE','10-APR-17',1,13,26,,10
440,'OFFLINE','10-OCT-03',4,10,16,,9
441,'OFFLINE','24-OCT-02',7,14,29,,1
442,'OFFLINE','27-FEB-00',8,8,27,,7
443,'OFFLINE','13-JAN-18',1,7,22,,5
444,'OFFLINE','06-JAN-10',3,11,18,,5
445,'ONLINE','23-MAY-10',4,3,25,,4
446,'ONLINE','29-NOV-06',7,10,9,,4
447,'OFFLINE','07-JUL-14',3,6,4,,8
448,'OFFLINE','03-AUG-19',6,2,9,,6
449,'OFFLINE','19-MAR-10',6,10,12,,2
450,'OFFLINE','27-AUG-17',5,5,3,,8
451,'OFFLINE','14-FEB-20',3,12,5,,2
452,'ONLINE','06-AUG-00',5,5,25,,8
453,'ONLINE','20-MAY-02',4,15,26,,8
454,'OFFLINE','05-SEP-12',8,2,26,,2
455,'OFFLINE','11-JUN-12',2,7,28,,4
456,'ONLINE','17-DEC-17',6,9,7,,3
457,'OFFLINE','25-JUN-12',8,4,12,,2
458,'OFFLINE','29-SEP-12',5,2,21,,3
459,'OFFLINE','30-MAR-06',4,10,10,,9
460,'OFFLINE','14-OCT-17',5,8,9,,1
461,'OFFLINE','10-JUN-01',7,4,27,,1
462,'ONLINE','15-NOV-02',6,6,8,,3
463,'OFFLINE','18-MAY-05',2,9,4,,5
464,'OFFLINE','12-NOV-06',7,10,3,,3
465,'ONLINE','22-APR-19',6,4,3,,5
466,'OFFLINE','17-FEB-08',6,13,14,,3
467,'ONLINE','13-JUN-07',6,5,14,,9
468,'OFFLINE','08-JAN-16',5,10,7,,5
469,'OFFLINE','04-NOV-03',2,7,5,,4
470,'ONLINE','12-DEC-14',8,9,13,,10
471,'OFFLINE','11-JUL-06',5,6,7,,7
472,'OFFLINE','19-AUG-20',5,14,28,,6
473,'OFFLINE','04-MAR-14',2,7,9,,3
474,'OFFLINE','30-APR-13',2,13,20,,3
475,'OFFLINE','17-AUG-10',2,10,14,,8
476,'ONLINE','30-OCT-12',6,5,21,,7
477,'OFFLINE','22-OCT-16',6,3,19,,2
478,'OFFLINE','06-JAN-16',7,5,28,,5
479,'OFFLINE','20-OCT-17',3,2,15,,1
480,'ONLINE','19-OCT-06',7,10,2,,7
481,'OFFLINE','28-MAR-13',5,5,8,,6
482,'ONLINE','03-FEB-19',4,13,19,,9
483,'OFFLINE','22-JAN-12',4,14,5,,6
484,'OFFLINE','30-MAR-08',3,7,23,,9
485,'OFFLINE','27-APR-07',8,8,28,,7
486,'OFFLINE','27-MAY-00',4,6,14,,8
487,'OFFLINE','26-APR-03',6,6,4,,5
488,'OFFLINE','18-FEB-19',4,11,3,,6
489,'OFFLINE','18-SEP-15',6,3,3,,8
490,'OFFLINE','06-JUN-07',8,8,24,,2
491,'OFFLINE','04-JUL-10',7,14,6,,1
492,'OFFLINE','19-JUL-20',6,2,10,,3
493,'ONLINE','27-FEB-18',3,12,7,,8
494,'OFFLINE','10-MAR-09',2,10,21,,10
495,'OFFLINE','11-SEP-17',4,7,27,,3
496,'OFFLINE','30-MAR-19',6,9,8,,3
497,'OFFLINE','14-AUG-20',7,3,25,,4
498,'OFFLINE','11-APR-12',5,1,29,,3
499,'OFFLINE','20-OCT-00',7,2,6,,5
500,'ONLINE','27-MAY-15',3,5,10,,1
501,'ONLINE','10-OCT-13',7,6,21,,6
502,'OFFLINE','03-OCT-11',7,4,29,,1
503,'ONLINE','09-FEB-07',1,11,21,,6
504,'ONLINE','06-JUN-00',7,3,16,,1
505,'OFFLINE','06-MAY-00',6,1,28,,6
506,'OFFLINE','06-AUG-16',5,12,17,,5
507,'OFFLINE','09-JUN-07',2,7,7,,9
508,'OFFLINE','10-JUL-14',4,12,25,,9
509,'ONLINE','25-JAN-06',6,4,15,,8
510,'ONLINE','30-JAN-18',6,9,13,,6
511,'ONLINE','17-MAY-17',3,8,30,,5
512,'OFFLINE','04-APR-00',6,3,6,,9
513,'OFFLINE','09-JAN-10',6,5,30,,3
514,'OFFLINE','10-FEB-13',3,7,8,,4
515,'OFFLINE','28-JUN-08',6,5,11,,9
516,'ONLINE','04-APR-20',2,8,29,,3
517,'OFFLINE','27-AUG-15',6,2,30,,10
518,'OFFLINE','06-APR-10',6,8,15,,5
519,'ONLINE','30-SEP-20',4,15,29,,7
520,'OFFLINE','10-MAY-09',3,1,25,,4
521,'OFFLINE','27-APR-11',8,13,21,,2
522,'ONLINE','20-MAY-17',3,7,11,,10
523,'ONLINE','08-MAY-13',2,2,27,,7
524,'OFFLINE','15-JAN-09',4,3,10,,4
525,'OFFLINE','07-NOV-20',4,7,16,,8
526,'OFFLINE','06-JAN-16',3,11,29,,7
527,'ONLINE','06-FEB-17',3,15,27,,8
528,'OFFLINE','17-APR-06',5,9,2,,8
529,'OFFLINE','10-OCT-15',7,10,5,,2
530,'OFFLINE','10-APR-20',5,6,10,,2
531,'OFFLINE','14-FEB-12',5,8,4,,3
532,'OFFLINE','19-MAR-06',4,7,3,,8
533,'OFFLINE','09-JUL-04',6,1,23,,4
534,'ONLINE','16-JUN-18',6,5,2,,7
535,'OFFLINE','18-OCT-01',6,12,3,,3
536,'OFFLINE','20-MAY-19',4,14,16,,10
537,'ONLINE','31-JAN-00',5,2,2,,2
538,'OFFLINE','01-SEP-17',8,9,20,,9
539,'OFFLINE','02-MAY-14',7,5,21,,4
540,'OFFLINE','16-MAR-14',6,5,11,,2
541,'OFFLINE','28-MAY-08',3,13,11,,6
542,'OFFLINE','18-JUL-12',3,6,4,,8
543,'OFFLINE','04-JAN-14',6,11,28,,7
544,'OFFLINE','13-FEB-05',6,9,4,,8
545,'OFFLINE','06-JUN-12',5,2,8,,8
546,'ONLINE','11-APR-12',4,12,28,,4
547,'OFFLINE','27-APR-06',4,4,29,,8
548,'OFFLINE','03-APR-18',3,9,31,,6
549,'ONLINE','01-MAY-06',7,7,28,,5
550,'OFFLINE','20-APR-01',8,12,28,,6
551,'OFFLINE','07-MAY-18',2,10,5,,1
552,'ONLINE','04-JUN-02',8,3,28,,8
553,'OFFLINE','04-FEB-03',2,3,5,,2
554,'OFFLINE','22-OCT-11',7,8,16,,2
555,'ONLINE','13-JAN-01',6,7,20,,8
556,'OFFLINE','04-DEC-00',2,10,25,,2
557,'OFFLINE','16-FEB-16',8,5,23,,9
558,'OFFLINE','04-SEP-08',4,1,17,,1
559,'OFFLINE','27-JUN-04',5,13,11,,4
560,'OFFLINE','14-NOV-12',7,13,2,,8
561,'OFFLINE','21-MAR-01',2,3,24,,7
562,'OFFLINE','25-JAN-03',7,2,14,,9
563,'OFFLINE','02-SEP-14',8,6,18,,1
564,'ONLINE','15-MAY-15',3,5,9,,10
565,'ONLINE','14-OCT-12',6,2,14,,8
566,'OFFLINE','31-AUG-11',7,3,15,,6
567,'OFFLINE','21-JAN-06',5,6,5,,10
568,'OFFLINE','18-AUG-09',7,9,8,,9
569,'OFFLINE','10-MAY-17',3,4,4,,4
570,'OFFLINE','07-APR-00',6,12,8,,3
571,'OFFLINE','16-AUG-15',6,11,8,,9
572,'OFFLINE','03-AUG-11',8,8,22,,7
573,'ONLINE','01-OCT-00',2,3,27,,6
574,'OFFLINE','27-OCT-12',4,1,10,,6
575,'ONLINE','05-JUN-12',5,8,30,,7
576,'OFFLINE','10-AUG-02',1,5,4,,4
577,'OFFLINE','04-MAY-05',1,14,5,,9
578,'OFFLINE','20-FEB-09',7,8,12,,10
579,'OFFLINE','18-OCT-12',5,2,26,,6
580,'OFFLINE','03-JAN-14',3,5,8,,3
581,'OFFLINE','21-JAN-02',6,1,25,,8
582,'ONLINE','21-NOV-18',3,4,3,,1
583,'OFFLINE','08-APR-09',1,5,17,,7
584,'OFFLINE','03-NOV-19',2,4,19,,8
585,'ONLINE','05-OCT-10',7,6,17,,4
586,'OFFLINE','11-JAN-10',3,11,29,,9
587,'OFFLINE','12-MAY-13',3,3,23,,5
588,'OFFLINE','04-JUN-05',1,10,13,,4
589,'ONLINE','11-APR-06',5,9,15,,8
590,'OFFLINE','06-APR-17',5,8,13,,4
591,'ONLINE','08-MAY-13',4,10,28,,10
592,'OFFLINE','22-JAN-04',2,6,15,,3
593,'ONLINE','27-MAY-10',2,5,27,,10
594,'ONLINE','15-APR-08',7,7,28,,10
595,'ONLINE','02-OCT-11',3,14,6,,4
596,'OFFLINE','05-DEC-18',3,11,25,,7
597,'OFFLINE','20-FEB-19',4,3,3,,9
598,'OFFLINE','10-APR-05',7,12,25,,4
599,'OFFLINE','22-JUN-02',3,7,27,,4
600,'OFFLINE','26-OCT-06',2,10,19,,1
601,'OFFLINE','19-JAN-04',2,6,4,,3
602,'OFFLINE','29-SEP-10',4,10,12,,9
603,'OFFLINE','19-JAN-16',6,9,8,,7
604,'OFFLINE','13-DEC-20',6,8,13,,1
605,'OFFLINE','01-FEB-12',3,8,13,,5
606,'OFFLINE','03-MAY-15',2,9,15,,2
607,'ONLINE','18-JAN-11',6,4,15,,3
608,'ONLINE','19-FEB-14',7,13,2,,2
609,'OFFLINE','15-APR-13',3,13,7,,10
610,'ONLINE','26-NOV-18',6,5,26,,5
611,'OFFLINE','16-OCT-11',3,8,7,,9
612,'ONLINE','14-OCT-19',3,7,25,,7
613,'OFFLINE','03-JUL-11',6,9,12,,5
614,'ONLINE','08-MAY-12',2,9,11,,6
615,'OFFLINE','24-APR-15',5,13,27,,4
616,'OFFLINE','19-JUL-15',2,1,22,,7
617,'ONLINE','16-JAN-06',5,3,9,,9
618,'OFFLINE','04-DEC-17',2,15,14,,6
619,'OFFLINE','15-SEP-03',4,15,27,,2
620,'ONLINE','20-SEP-00',3,13,13,,2
621,'ONLINE','07-APR-14',6,6,13,,6
622,'OFFLINE','17-OCT-18',7,5,23,,7
623,'ONLINE','17-AUG-18',4,6,17,,8
624,'ONLINE','10-AUG-16',7,3,26,,8
625,'OFFLINE','23-JUN-14',6,6,27,,2
626,'OFFLINE','19-NOV-03',8,5,18,,7
627,'OFFLINE','17-OCT-02',6,1,9,,2
628,'ONLINE','01-AUG-13',1,14,12,,5
629,'OFFLINE','12-AUG-04',7,4,31,,3
630,'OFFLINE','15-OCT-12',4,7,24,,4
631,'OFFLINE','09-JAN-02',2,12,19,,4
632,'OFFLINE','17-JUL-12',1,4,13,,8
633,'OFFLINE','17-DEC-07',4,15,2,,3
634,'ONLINE','29-JAN-08',7,9,18,,9
635,'OFFLINE','29-MAY-11',7,6,24,,4
636,'OFFLINE','13-APR-20',3,13,26,,9
637,'OFFLINE','01-OCT-11',3,2,5,,8
638,'ONLINE','27-MAR-18',5,5,6,,1
639,'OFFLINE','03-JAN-20',8,5,3,,4
640,'ONLINE','19-OCT-19',5,13,5,,4
641,'OFFLINE','17-JUL-06',5,4,2,,3
642,'OFFLINE','28-JAN-08',8,11,3,,3
643,'OFFLINE','06-JAN-08',3,8,27,,8
644,'OFFLINE','23-APR-16',4,12,19,,8
645,'OFFLINE','30-OCT-02',7,13,22,,10
646,'ONLINE','03-OCT-00',7,12,11,,2
647,'OFFLINE','25-APR-19',3,9,29,,3
648,'ONLINE','03-FEB-09',3,4,25,,9
649,'ONLINE','03-JUN-01',6,3,21,,8
650,'ONLINE','25-SEP-04',4,8,5,,7
651,'ONLINE','07-SEP-18',4,12,16,,4
652,'OFFLINE','23-JUL-20',3,8,2,,8
653,'OFFLINE','28-JUN-02',2,13,2,,5
654,'OFFLINE','03-NOV-14',2,10,1,,4
655,'OFFLINE','21-JUN-07',3,5,9,,5
656,'OFFLINE','07-SEP-03',7,10,11,,5
657,'OFFLINE','26-NOV-10',4,10,24,,8
658,'OFFLINE','04-AUG-00',2,14,30,,7
659,'ONLINE','05-AUG-18',8,10,4,,2
660,'ONLINE','18-SEP-18',3,11,5,,8
661,'OFFLINE','30-JUL-03',2,3,6,,5
662,'ONLINE','27-OCT-11',5,10,15,,8
663,'ONLINE','17-SEP-09',6,6,18,,10
664,'ONLINE','01-FEB-18',3,4,30,,4
665,'OFFLINE','17-NOV-19',1,2,12,,5
666,'ONLINE','19-APR-09',6,9,23,,9
667,'ONLINE','02-JUN-20',5,13,18,,5
668,'OFFLINE','02-JAN-08',3,10,2,,7
669,'ONLINE','22-JAN-03',6,8,27,,2
670,'ONLINE','02-SEP-08',2,4,6,,6
671,'OFFLINE','19-MAY-09',1,6,7,,3
672,'OFFLINE','28-JUN-09',4,6,7,,2
673,'OFFLINE','01-JUN-11',3,9,27,,1
674,'ONLINE','14-JAN-14',2,12,17,,3
675,'OFFLINE','21-MAY-07',7,12,25,,9
676,'OFFLINE','29-OCT-01',4,9,6,,8
677,'OFFLINE','06-APR-04',7,12,31,,3
678,'OFFLINE','06-JUN-10',6,15,3,,8
679,'ONLINE','22-NOV-03',2,4,2,,7
680,'OFFLINE','13-JAN-09',7,13,5,,10
681,'ONLINE','06-DEC-03',5,13,29,,4
682,'OFFLINE','10-JAN-01',6,2,12,,9
683,'OFFLINE','16-NOV-16',2,12,25,,7
684,'OFFLINE','13-NOV-13',5,14,1,,8
685,'OFFLINE','01-DEC-04',5,4,15,,4
686,'OFFLINE','18-MAR-16',4,6,20,,9
687,'OFFLINE','29-NOV-12',5,7,3,,5
688,'OFFLINE','21-APR-07',8,4,31,,9
689,'OFFLINE','08-JUN-15',2,6,25,,2
690,'OFFLINE','03-SEP-15',4,2,3,,4
691,'OFFLINE','07-NOV-11',7,3,14,,1
692,'OFFLINE','14-MAR-18',4,11,8,,9
693,'ONLINE','29-SEP-11',1,8,7,,1
694,'OFFLINE','04-NOV-19',8,10,18,,3
695,'OFFLINE','02-DEC-10',5,12,14,,7
696,'OFFLINE','11-JUL-05',2,6,18,,6
697,'OFFLINE','05-AUG-07',3,7,30,,3
698,'OFFLINE','07-MAR-08',3,2,27,,10
699,'ONLINE','22-MAR-10',6,6,21,,7
700,'OFFLINE','06-OCT-01',2,6,29,,9
701,'OFFLINE','08-JUN-01',2,9,3,,8
702,'OFFLINE','14-DEC-10',7,4,29,,2
703,'ONLINE','12-NOV-08',3,5,22,,5
704,'ONLINE','28-MAY-12',1,4,7,,2
705,'OFFLINE','30-AUG-19',3,5,22,,6
706,'OFFLINE','30-AUG-03',4,6,1,,1
707,'OFFLINE','01-JAN-03',7,4,11,,8
708,'ONLINE','15-OCT-07',7,1,21,,4
709,'ONLINE','06-JUN-18',6,2,17,,2
710,'OFFLINE','24-JAN-01',1,8,27,,8
711,'OFFLINE','03-OCT-16',6,6,18,,9
712,'ONLINE','23-JUN-04',5,4,15,,1
713,'ONLINE','12-AUG-07',8,14,8,,9
714,'OFFLINE','23-OCT-07',7,1,12,,3
715,'OFFLINE','20-AUG-07',3,7,26,,9
716,'OFFLINE','05-JUL-06',8,9,18,,9
717,'OFFLINE','09-APR-06',5,8,9,,2
718,'OFFLINE','19-MAR-05',3,10,1,,8
719,'ONLINE','06-FEB-09',4,12,16,,3
720,'ONLINE','22-AUG-20',2,14,25,,4
721,'OFFLINE','05-NOV-20',5,8,27,,1
722,'OFFLINE','28-OCT-19',6,9,13,,6
723,'OFFLINE','01-MAR-18',5,2,21,,4
724,'ONLINE','26-MAR-14',7,10,9,,4
725,'ONLINE','12-DEC-17',3,2,17,,4
726,'OFFLINE','09-MAY-11',3,3,30,,2
727,'ONLINE','10-SEP-06',2,14,6,,5
728,'OFFLINE','16-NOV-20',3,2,27,,2
729,'OFFLINE','01-AUG-01',6,14,18,,1
730,'OFFLINE','01-SEP-18',7,12,19,,4
731,'OFFLINE','12-FEB-04',4,14,21,,4
732,'OFFLINE','18-JUN-03',2,12,30,,9
733,'OFFLINE','24-NOV-06',6,2,22,,2
734,'OFFLINE','11-NOV-13',8,14,3,,2
735,'OFFLINE','22-SEP-20',4,3,29,,6
736,'OFFLINE','12-JAN-12',5,10,27,,9
737,'OFFLINE','04-MAY-19',2,8,27,,8
738,'OFFLINE','18-JAN-07',4,6,3,,3
739,'ONLINE','03-DEC-03',5,12,24,,7
740,'OFFLINE','08-JUL-16',2,14,4,,6
741,'OFFLINE','07-NOV-02',6,11,16,,8
742,'OFFLINE','10-JAN-11',3,13,18,,6
743,'OFFLINE','21-DEC-09',8,6,10,,2
744,'OFFLINE','03-SEP-11',2,15,28,,7
745,'OFFLINE','23-AUG-20',4,11,19,,10
746,'OFFLINE','28-MAR-15',1,14,6,,4
747,'OFFLINE','12-FEB-14',7,10,6,,7
748,'OFFLINE','07-JUL-02',6,9,4,,2
749,'OFFLINE','15-JUL-17',3,6,28,,1
750,'OFFLINE','20-JUL-04',2,2,13,,2
751,'OFFLINE','22-OCT-01',3,5,23,,8
752,'OFFLINE','09-JUN-12',2,13,31,,5
753,'OFFLINE','07-JUN-03',6,13,17,,1
754,'OFFLINE','19-NOV-00',7,11,3,,5
755,'OFFLINE','20-APR-14',8,3,31,,6
756,'OFFLINE','01-APR-08',6,3,30,,9
757,'OFFLINE','26-AUG-14',6,12,13,,2
758,'OFFLINE','22-FEB-11',8,1,7,,5
759,'ONLINE','02-JUN-00',3,14,25,,5
760,'OFFLINE','19-NOV-14',6,4,15,,7
761,'OFFLINE','22-AUG-06',8,14,30,,10
762,'OFFLINE','12-NOV-02',7,6,20,,9
763,'ONLINE','25-MAY-05',5,12,23,,3
764,'OFFLINE','15-OCT-20',6,4,4,,8
765,'ONLINE','04-OCT-20',2,8,10,,5
766,'OFFLINE','27-MAR-15',1,11,22,,4
767,'ONLINE','30-OCT-17',6,13,13,,9
768,'OFFLINE','06-JUN-03',3,13,24,,6
769,'OFFLINE','26-SEP-09',6,8,13,,6
770,'OFFLINE','24-AUG-07',3,2,14,,3
771,'OFFLINE','29-JAN-20',7,13,4,,4
772,'OFFLINE','16-AUG-03',2,4,21,,2
773,'ONLINE','27-JAN-05',2,15,2,,9
774,'OFFLINE','10-APR-15',4,12,31,,7
775,'ONLINE','22-SEP-02',2,5,25,,2
776,'OFFLINE','05-FEB-09',7,8,23,,5
777,'ONLINE','12-MAY-13',3,6,3,,5
778,'OFFLINE','10-JUN-16',6,13,14,,5
779,'OFFLINE','29-MAY-17',2,12,28,,5
780,'OFFLINE','18-NOV-08',2,14,7,,9
781,'OFFLINE','03-SEP-19',5,14,24,,5
782,'OFFLINE','20-NOV-05',7,8,12,,2
783,'OFFLINE','16-FEB-20',5,3,21,,5
784,'ONLINE','02-JUN-10',8,4,3,,7
785,'OFFLINE','20-NOV-12',7,13,15,,9
786,'OFFLINE','24-SEP-14',5,14,10,,9
787,'OFFLINE','26-JUN-05',1,9,11,,8
788,'OFFLINE','30-NOV-15',7,9,28,,6
789,'OFFLINE','21-JAN-02',7,2,5,,3
790,'OFFLINE','12-AUG-01',5,7,25,,3
791,'OFFLINE','24-JUN-20',8,7,14,,7
792,'OFFLINE','27-NOV-02',3,9,23,,10
793,'ONLINE','30-OCT-13',3,11,24,,10
794,'ONLINE','03-MAR-09',6,12,29,,7
795,'ONLINE','23-NOV-18',6,3,13,,2
796,'ONLINE','20-OCT-03',3,2,2,,8
797,'OFFLINE','17-JAN-10',7,1,6,,7
798,'OFFLINE','12-MAY-02',6,3,25,,9
799,'OFFLINE','21-OCT-15',5,5,8,,8
800,'OFFLINE','18-APR-11',7,12,18,,9
801,'OFFLINE','12-OCT-00',3,7,20,,8
802,'OFFLINE','01-DEC-14',2,3,24,,10
803,'OFFLINE','07-SEP-15',5,8,29,,8
804,'OFFLINE','22-AUG-09',6,5,13,,7
805,'OFFLINE','12-JAN-20',6,3,25,,6
806,'OFFLINE','15-JUL-04',5,4,15,,8
807,'OFFLINE','02-MAY-06',7,14,11,,6
808,'OFFLINE','25-JAN-19',4,2,23,,3
809,'OFFLINE','11-MAR-08',8,8,3,,10
810,'OFFLINE','14-MAY-12',8,2,18,,5
811,'OFFLINE','08-NOV-07',7,10,12,,3
812,'OFFLINE','29-AUG-01',1,6,12,,3
813,'OFFLINE','21-MAY-08',4,3,12,,2
814,'OFFLINE','04-MAY-06',3,11,20,,9
815,'OFFLINE','29-SEP-01',7,8,9,,1
816,'ONLINE','02-MAR-17',6,11,17,,7
817,'OFFLINE','05-FEB-13',8,9,14,,2
818,'OFFLINE','29-JUN-15',7,6,21,,5
819,'ONLINE','14-MAY-06',7,6,24,,3
820,'OFFLINE','03-FEB-20',4,11,6,,7
821,'ONLINE','19-MAY-20',7,11,5,,9
822,'OFFLINE','12-SEP-00',1,6,22,,8
823,'ONLINE','25-DEC-05',1,3,3,,4
824,'OFFLINE','17-AUG-13',4,11,26,,1
825,'ONLINE','12-JUL-10',6,3,15,,7
826,'OFFLINE','15-MAR-00',5,13,9,,6
827,'ONLINE','12-OCT-08',6,12,23,,4
828,'ONLINE','08-JAN-06',5,14,15,,9
829,'OFFLINE','27-JUN-11',5,13,14,,1
830,'OFFLINE','20-MAR-10',4,10,27,,6
831,'OFFLINE','26-AUG-05',1,10,8,,10
832,'OFFLINE','24-MAY-04',6,12,29,,8
833,'OFFLINE','30-AUG-09',8,15,20,,4
834,'OFFLINE','11-JAN-16',1,6,30,,9
835,'OFFLINE','03-SEP-19',4,2,18,,2
836,'ONLINE','27-NOV-12',6,12,14,,10
837,'OFFLINE','07-MAY-11',4,5,23,,5
838,'OFFLINE','29-AUG-04',1,9,26,,1
839,'OFFLINE','26-NOV-09',3,8,3,,9
840,'OFFLINE','03-OCT-06',2,9,22,,8
841,'ONLINE','18-JUL-10',7,6,20,,4
842,'OFFLINE','29-DEC-00',1,7,9,,4
843,'OFFLINE','07-JAN-10',8,2,29,,8
844,'OFFLINE','05-JUN-00',4,11,19,,6
845,'OFFLINE','07-JAN-14',8,14,12,,2
846,'OFFLINE','24-JUN-09',1,5,21,,4
847,'OFFLINE','03-MAR-08',3,1,30,,2
848,'OFFLINE','28-OCT-00',8,4,18,,10
849,'OFFLINE','01-DEC-09',3,10,10,,3
850,'OFFLINE','02-MAY-01',2,12,10,,10
851,'OFFLINE','06-AUG-10',4,2,24,,10
852,'OFFLINE','23-NOV-10',7,5,3,,9
853,'OFFLINE','23-JAN-08',1,6,30,,2
854,'OFFLINE','24-MAY-12',2,5,16,,7
855,'OFFLINE','04-FEB-03',5,4,3,,10
856,'OFFLINE','17-DEC-05',7,12,3,,8
857,'ONLINE','08-APR-03',5,12,16,,7
858,'OFFLINE','13-AUG-10',7,7,30,,3
859,'OFFLINE','01-JUL-20',6,5,2,,8
860,'OFFLINE','02-JUN-18',6,1,9,,8
861,'OFFLINE','21-AUG-01',7,12,2,,2
862,'OFFLINE','29-JAN-19',5,10,6,,5
863,'OFFLINE','06-MAY-09',2,15,21,,5
864,'OFFLINE','14-MAR-17',2,3,17,,2
865,'OFFLINE','04-MAR-20',2,9,24,,4
866,'OFFLINE','20-OCT-19',3,6,18,,6
867,'OFFLINE','23-MAR-10',4,7,2,,2
868,'OFFLINE','09-DEC-04',4,11,10,,7
869,'OFFLINE','09-DEC-10',6,12,6,,8
870,'OFFLINE','18-JAN-14',1,14,10,,8
871,'OFFLINE','22-SEP-03',7,12,30,,8
872,'OFFLINE','25-AUG-11',8,8,13,,7
873,'OFFLINE','21-JUN-13',1,9,29,,8
874,'OFFLINE','30-JUL-00',4,13,11,,10
875,'ONLINE','08-SEP-10',5,5,11,,9
876,'OFFLINE','14-AUG-03',6,5,6,,10
877,'OFFLINE','16-FEB-15',7,6,9,,7
878,'OFFLINE','08-OCT-18',2,12,11,,2
879,'OFFLINE','30-JUL-16',6,8,26,,7
880,'OFFLINE','14-JUL-10',6,7,2,,4
881,'OFFLINE','25-APR-06',6,9,24,,6
882,'OFFLINE','11-OCT-10',4,13,28,,3
883,'OFFLINE','22-MAY-05',7,10,19,,7
884,'ONLINE','26-MAY-14',3,5,25,,2
885,'OFFLINE','30-OCT-01',6,6,23,,3
886,'OFFLINE','13-NOV-10',1,8,29,,1
887,'OFFLINE','14-JUN-02',4,8,19,,3
888,'OFFLINE','02-SEP-02',1,10,6,,5
889,'OFFLINE','27-JUL-17',2,15,24,,9
890,'OFFLINE','30-OCT-02',4,7,29,,6
891,'OFFLINE','02-JAN-00',1,6,12,,9
892,'ONLINE','23-MAY-16',4,6,6,,3
893,'OFFLINE','17-APR-07',7,6,29,,10
894,'OFFLINE','25-APR-16',7,13,11,,6
895,'ONLINE','14-OCT-15',6,7,29,,9
896,'OFFLINE','26-AUG-00',2,7,28,,10
897,'ONLINE','18-MAY-10',7,7,29,,4
898,'OFFLINE','27-SEP-02',2,1,11,,7
899,'OFFLINE','04-JUL-00',7,5,9,,4
900,'ONLINE','10-MAY-17',6,11,25,,4
901,'OFFLINE','28-OCT-15',7,8,24,,2
902,'ONLINE','24-JUN-19',7,11,24,,9
903,'OFFLINE','26-APR-04',7,3,27,,7
904,'ONLINE','16-OCT-17',6,9,23,,3
905,'ONLINE','14-JUN-11',7,13,5,,7
906,'ONLINE','01-JAN-17',3,11,28,,7
907,'OFFLINE','30-JUL-16',1,1,23,,2
908,'OFFLINE','09-OCT-01',3,12,14,,2
909,'OFFLINE','20-APR-04',6,8,8,,6
910,'OFFLINE','06-MAY-19',3,10,12,,9
911,'OFFLINE','05-APR-08',6,2,14,,7
912,'OFFLINE','23-AUG-14',8,15,5,,6
913,'OFFLINE','05-MAR-16',8,1,12,,2
914,'OFFLINE','14-AUG-02',6,8,13,,4
915,'ONLINE','31-JUL-14',6,9,13,,3
916,'OFFLINE','01-NOV-03',2,12,4,,2
917,'OFFLINE','15-APR-03',6,4,25,,6
918,'OFFLINE','26-OCT-14',8,9,17,,7
919,'OFFLINE','14-JAN-16',1,2,7,,8
920,'OFFLINE','19-SEP-20',2,8,20,,8
921,'OFFLINE','24-NOV-03',7,3,24,,3
922,'OFFLINE','27-JAN-11',7,11,8,,3
923,'OFFLINE','29-MAR-00',7,11,5,,9
924,'OFFLINE','03-MAR-18',4,12,19,,6
925,'ONLINE','17-DEC-17',2,5,9,,8
926,'OFFLINE','14-DEC-14',3,10,13,,6
927,'OFFLINE','26-JUN-09',3,14,11,,8
928,'OFFLINE','09-APR-07',6,13,24,,4
929,'OFFLINE','27-APR-05',7,9,8,,3
930,'OFFLINE','05-MAY-20',1,2,14,,1
931,'OFFLINE','09-JUN-15',3,5,12,,7
932,'OFFLINE','09-MAY-10',4,2,20,,5
933,'OFFLINE','16-SEP-16',2,4,21,,4
934,'OFFLINE','06-DEC-14',2,1,25,,6
935,'OFFLINE','01-AUG-08',6,6,22,,9
936,'OFFLINE','30-SEP-16',2,8,6,,7
937,'OFFLINE','21-SEP-10',7,4,29,,5
938,'OFFLINE','29-DEC-07',1,2,24,,9
939,'OFFLINE','28-MAR-07',6,3,3,,3
940,'OFFLINE','19-JUL-20',2,14,21,,2
941,'OFFLINE','06-DEC-05',3,10,17,,8
942,'ONLINE','17-DEC-01',3,2,15,,6
943,'OFFLINE','09-FEB-15',2,3,4,,6
944,'OFFLINE','22-MAR-12',6,6,17,,8
945,'ONLINE','23-FEB-02',6,6,13,,8
946,'OFFLINE','01-AUG-18',7,3,28,,5
947,'ONLINE','18-OCT-19',4,6,4,,3
948,'OFFLINE','29-OCT-07',1,12,10,,2
949,'OFFLINE','24-SEP-19',5,14,9,,3
950,'OFFLINE','01-SEP-12',4,2,30,,9
951,'OFFLINE','11-JUL-19',8,2,6,,4
952,'ONLINE','01-JUN-20',6,9,16,,3
953,'OFFLINE','07-NOV-18',8,12,5,,9
954,'OFFLINE','06-JUL-20',1,6,8,,7
955,'ONLINE','05-AUG-13',4,3,7,,9
956,'OFFLINE','07-APR-17',7,7,15,,4
957,'OFFLINE','28-SEP-11',3,11,11,,8
958,'OFFLINE','21-OCT-14',7,8,22,,5
959,'ONLINE','15-NOV-16',5,7,13,,3
960,'OFFLINE','17-MAR-13',5,8,9,,4
961,'ONLINE','27-NOV-09',7,8,2,,10
962,'OFFLINE','21-JUL-09',4,5,17,,5
963,'OFFLINE','29-JAN-06',6,13,27,,9
964,'ONLINE','03-SEP-00',4,2,19,,6
965,'ONLINE','07-FEB-00',4,7,29,,8
966,'OFFLINE','09-AUG-17',1,3,9,,4
967,'OFFLINE','09-OCT-17',2,5,25,,3
968,'OFFLINE','28-MAY-14',2,5,10,,3
969,'ONLINE','03-JUN-14',6,1,17,,9
970,'OFFLINE','01-JUN-06',4,4,31,,9
971,'OFFLINE','18-JUN-03',3,8,14,,8
972,'OFFLINE','19-JUN-09',2,13,6,,7
973,'ONLINE','18-APR-20',6,9,11,,9
974,'OFFLINE','17-OCT-04',6,3,15,,5
975,'OFFLINE','19-AUG-13',2,8,13,,3
976,'OFFLINE','18-APR-10',1,7,24,,3
977,'ONLINE','15-OCT-14',2,4,4,,5
978,'OFFLINE','01-JUN-07',6,6,18,,9
979,'OFFLINE','28-JUN-17',5,3,12,,5
980,'OFFLINE','11-AUG-06',7,7,31,,8
981,'ONLINE','28-MAY-02',8,3,10,,10
982,'OFFLINE','07-AUG-05',6,13,24,,5
983,'OFFLINE','02-MAY-16',5,6,16,,1
984,'OFFLINE','08-JUL-08',4,10,21,,8
985,'OFFLINE','27-APR-14',7,13,28,,8
986,'ONLINE','06-JUN-02',7,2,12,,5
987,'OFFLINE','15-SEP-17',5,6,8,,4
988,'OFFLINE','15-OCT-03',5,3,16,,9
989,'OFFLINE','29-NOV-14',6,5,4,,7
990,'OFFLINE','07-DEC-15',7,11,30,,3
991,'OFFLINE','23-DEC-20',4,8,29,,2
992,'OFFLINE','08-APR-17',5,4,21,,8
993,'OFFLINE','05-JAN-13',5,2,25,,3
994,'OFFLINE','07-AUG-04',4,8,5,,1
995,'OFFLINE','24-JUL-13',7,10,26,,4
996,'OFFLINE','26-JUN-03',7,1,25,,3
997,'OFFLINE','26-OCT-02',1,4,11,,3
998,'OFFLINE','10-JAN-19',3,5,13,,9
999,'OFFLINE','18-MAY-03',8,4,9,,2
1000,'ONLINE','19-OCT-03',6,5,4,,8
1001,'OFFLINE','22-OCT-08',8,7,7,,5
1002,'OFFLINE','28-AUG-18',6,9,11,,2
1003,'OFFLINE','20-JUL-03',2,11,26,,6
1004,'OFFLINE','28-JUN-06',7,13,25,,2
1005,'OFFLINE','28-APR-16',3,8,9,,9
1006,'OFFLINE','27-OCT-20',5,15,22,,6
1007,'OFFLINE','03-NOV-09',7,2,28,,7
1008,'ONLINE','11-NOV-04',3,2,28,,2
1009,'OFFLINE','26-MAR-02',4,7,4,,9
1010,'OFFLINE','29-SEP-19',2,6,30,,5
1011,'OFFLINE','18-FEB-17',7,5,18,,1
1012,'OFFLINE','03-OCT-00',5,14,25,,8
1013,'ONLINE','04-AUG-19',5,3,30,,7
1014,'ONLINE','27-DEC-00',7,13,29,,4
1015,'OFFLINE','12-APR-16',8,12,11,,7
1016,'OFFLINE','22-MAY-01',3,10,13,,5
1017,'OFFLINE','17-AUG-13',3,15,2,,7
1018,'OFFLINE','29-MAY-17',1,1,19,,2
1019,'OFFLINE','31-JAN-01',8,2,6,,9
1020,'OFFLINE','19-OCT-04',5,12,3,,9
1021,'OFFLINE','18-NOV-12',2,14,19,,3
1022,'ONLINE','14-FEB-20',5,12,4,,10
1023,'OFFLINE','30-AUG-00',7,14,27,,6
1024,'OFFLINE','13-JUN-09',7,14,26,,5
1025,'OFFLINE','04-FEB-17',3,13,16,,5
1026,'OFFLINE','20-MAY-08',3,6,28,,7
1027,'OFFLINE','27-SEP-00',7,10,26,,7
1028,'ONLINE','08-FEB-01',2,13,1,,1
1029,'OFFLINE','16-JUL-05',6,7,23,,9
1030,'OFFLINE','17-MAR-04',4,7,25,,2
1031,'OFFLINE','13-APR-12',4,13,6,,10
1032,'OFFLINE','18-MAR-07',1,10,17,,7
1033,'ONLINE','20-DEC-09',5,14,24,,9
1034,'OFFLINE','21-DEC-19',2,15,10,,3
1035,'OFFLINE','28-JUN-16',5,11,24,,7
1036,'OFFLINE','11-OCT-11',5,3,15,,1
1037,'OFFLINE','14-MAY-13',4,3,17,,6
1038,'OFFLINE','05-MAY-13',6,4,11,,6
1039,'OFFLINE','04-OCT-19',2,8,12,,2
1040,'OFFLINE','27-SEP-20',4,14,17,,10
1041,'OFFLINE','15-FEB-06',7,11,25,,1
1042,'OFFLINE','07-JAN-19',2,14,3,,4
1043,'OFFLINE','08-DEC-05',5,12,6,,7
1044,'OFFLINE','14-MAY-01',6,12,7,,2
1045,'OFFLINE','22-NOV-20',5,15,4,,1
1046,'OFFLINE','29-SEP-07',7,5,26,,4
1047,'OFFLINE','09-NOV-09',5,13,3,,5
1048,'OFFLINE','08-APR-02',3,11,11,,6
1049,'OFFLINE','07-AUG-00',1,2,22,,8
1050,'ONLINE','24-SEP-09',3,7,21,,9
1051,'ONLINE','27-MAY-14',3,2,7,,9
1052,'OFFLINE','06-OCT-19',6,3,21,,3
1053,'ONLINE','19-AUG-11',2,14,16,,6
1054,'OFFLINE','10-JUN-10',1,9,4,,8
1055,'OFFLINE','09-DEC-00',7,4,24,,6
1056,'ONLINE','12-DEC-11',2,12,28,,4
1057,'OFFLINE','25-OCT-09',1,15,27,,10
1058,'OFFLINE','22-APR-15',5,4,2,,3
1059,'ONLINE','30-AUG-15',8,5,3,,8
1060,'OFFLINE','04-AUG-15',6,2,9,,10
1061,'OFFLINE','02-SEP-18',5,14,29,,6
1062,'OFFLINE','21-APR-06',1,4,29,,4
1063,'OFFLINE','28-NOV-08',3,9,26,,2
1064,'ONLINE','05-AUG-20',7,12,17,,8
1065,'OFFLINE','05-APR-20',3,13,29,,2
1066,'ONLINE','14-SEP-14',3,9,27,,8
1067,'OFFLINE','14-OCT-05',1,9,14,,10
1068,'OFFLINE','17-NOV-15',2,4,28,,9
1069,'OFFLINE','14-APR-15',6,8,28,,8
1070,'OFFLINE','14-JUL-14',7,13,25,,9
1071,'OFFLINE','28-AUG-15',1,6,24,,8
1072,'ONLINE','04-FEB-01',6,5,7,,3
1073,'ONLINE','01-OCT-11',6,14,30,,5
1074,'OFFLINE','14-SEP-03',6,1,13,,8
1075,'OFFLINE','07-OCT-20',4,4,12,,7
1076,'OFFLINE','02-MAR-05',1,1,30,,3
1077,'OFFLINE','01-JAN-15',7,13,14,,2
1078,'ONLINE','09-JAN-00',3,7,15,,9
1079,'ONLINE','07-MAY-09',7,9,27,,3
1080,'OFFLINE','17-FEB-13',6,6,19,,2
1081,'OFFLINE','22-JUL-17',3,11,10,,3
1082,'OFFLINE','24-JUL-18',3,9,26,,5
1083,'OFFLINE','16-SEP-17',2,15,16,,9
1084,'OFFLINE','22-JAN-03',4,5,24,,3
1085,'OFFLINE','22-JUL-07',7,12,14,,6
1086,'OFFLINE','23-JUL-05',5,2,19,,8
1087,'OFFLINE','21-NOV-13',7,9,1,,4
1088,'OFFLINE','24-JUL-16',3,2,17,,4
1089,'ONLINE','11-FEB-08',6,3,21,,4
1090,'OFFLINE','11-AUG-07',2,3,15,,7
1091,'OFFLINE','05-NOV-18',2,13,21,,5
1092,'ONLINE','04-AUG-18',5,2,17,,5
1093,'ONLINE','27-DEC-20',8,11,10,,4
1094,'OFFLINE','28-APR-20',6,10,29,,2
1095,'OFFLINE','12-AUG-16',5,11,9,,2
1096,'OFFLINE','06-SEP-01',5,1,13,,7
1097,'OFFLINE','16-MAY-09',6,12,4,,2
1098,'OFFLINE','25-FEB-06',4,11,28,,10
1099,'OFFLINE','19-SEP-20',3,14,25,,5
1100,'OFFLINE','29-MAR-14',6,12,18,,9